setting;x;y;z;rendered
urban;-80.32261;-107.1334;56.87796;False
urban;71.86182;-159.8761;54.12486;False
urban;228.4415;-219.7609;53.0343;False
urban;354.2546;-267.5589;52.94092;False
urban;398.2068;-126.9119;63.91786;False
urban;281.7335;-80.21273;69.1606;False
urban;-44.06206;36.26055;71.21846;False
urban;125.7032;-23.6243;66.71884;False
urban;203.1689;196.1366;104.5665;False
urban;33.40366;256.5709;108.6008;False
urban;359.1992;138.4494;102.1064;False
urban;514.6801;85.15735;95.38486;False
urban;-104.4963;-230.1995;43.81061;False
urban;35.60126;-281.2939;46.67453;False
urban;182.2917;-340.08;43.07114;False
urban;307.5554;-382.384;44.22137;False
urban;-636.8671;-364.2537;33.81827;False
urban;-699.499;-224.7055;36.01495;False
urban;-769.273;-108.7816;36.87091;False
urban;-687.9615;-65.92827;36.62692;False
urban;-564.346;-64.28006;41.15041;False
urban;-513.801;-132.9553;37.90518;False
urban;-620.385;-181.3027;36.76703;False
urban;-557.2037;-295.029;34.18515;False
urban;-450.0703;-243.9346;35.08423;False
urban;-250.0879;-399.9648;29.25946;False
urban;-290.7437;-176.3581;38.67955;False
urban;-256.1313;-46.14979;48.54326;False
urban;-397.8771;0.5494022;45.96095;False
urban;-1007.164;-343.9258;36.88525;False
urban;-1299.446;-506.5489;32.14832;False
urban;-1382.955;-387.878;35.68835;False
urban;-1465.366;-438.423;34.50659;False
urban;-1381.857;-558.1927;29.2291;False
urban;-1576.894;-505.9995;34.48096;False
urban;-1563.159;-336.2342;45.99431;False
urban;-1497.231;-252.1756;49.40511;False
urban;-1415.919;-170.3147;46.58763;False
urban;-1468.113;-100.5406;49.88435;False
urban;-1403.833;-63.18126;51.7953;False
urban;-1041.776;-190.6426;36.86804;False
urban;-1053.314;-263.1637;36.71799;False
urban;-1146.712;-268.1083;36.77124;False
urban;-1303.292;-346.1234;35.71552;False
urban;-1359.331;-254.9226;41.74619;False
urban;-1437.896;-323.5979;43.43106;False
urban;-1224.178;-588.9592;26.28421;False
urban;-1080.235;-760.3727;18.35278;False
urban;-1318.126;-658.7333;25.57257;False
urban;-1174.732;-842.2336;13.35538;False
urban;-1119.242;-925.1934;1.686707;False
urban;-995.6268;-818.6094;14.67514;False
urban;-853.881;-831.795;18.40222;False
urban;-742.3523;-831.795;21.76544;False
urban;-640.1635;-838.9373;23.87854;False
urban;-501.1647;-834.542;29.49445;False
urban;-638.5153;-655.4369;30.7395;False
urban;-744.0005;-658.7333;29.33405;False
urban;-862.6714;-654.3381;26.86371;False
urban;-545.6663;-656.5357;32.29602;False
urban;-263.2736;-661.4803;32.25494;False
urban;30.65664;-765.8668;43.23651;False
urban;172.9518;-815.8624;30.16812;False
urban;289.9745;-851.5735;28.15085;False
urban;221.8486;-1044.414;28.36932;False
urban;105.9248;-999.9121;28.39734;False
urban;-36.91983;-948.2683;28.41919;False
urban;-186.3572;-896.6245;28.35165;False
urban;-639.0647;-958.1575;20.49246;False
urban;-540.7217;-958.1575;22.51123;False
urban;-824.7626;-1013.647;12.35876;False
urban;-768.7236;-1111.99;9.725403;False
urban;-1064.851;-1286.7;5.029236;False
urban;-1154.953;-1338.344;4.113464;False
urban;-1226.376;-1372.956;3.145203;False
urban;-1264.284;-1271.317;3.065002;False
urban;-1294.502;-1193.302;3.947998;False
urban;-1216.486;-1154.844;6.75177;False
urban;-1198.906;-1247.143;6.025818;False
urban;-1250.549;-1063.643;7.48056;False
urban;-1309.335;-1090.014;6.020691;False
urban;-1285.162;-915.8536;10.39496;False
urban;-1060.456;-1026.283;1.189301;False
urban;-1007.164;-1119.132;1.15213;False
urban;-951.6746;-1215.278;4.275146;False
urban;-1074.191;-1478.441;4.120605;False
urban;-1014.306;-1564.148;4.1828;False
urban;-1104.958;-1554.259;3.425903;False
urban;-1149.459;-1494.924;3.423584;False
urban;-1191.214;-1432.292;3.472412;False
urban;-1134.076;-1392.185;4.192352;False
urban;-224.8154;124.7143;68.68588;False
urban;-394.0313;126.9119;64.58563;False
urban;-543.4687;129.6589;62.0643;False
urban;-648.4045;131.3071;56.21318;False
urban;-746.7476;106.0346;54.80092;False
urban;-714.8822;-24.7231;36.88187;False
urban;-793.4467;-64.28006;36.78096;False
urban;-887.9439;-108.2322;36.9935;False
urban;-865.4184;-156.0302;36.86624;False
urban;-996.1761;79.11392;50.8941;False
urban;-862.6714;83.50914;51.02675;False
urban;-832.4543;10.43864;41.86768;False
urban;-952.224;87.90436;50.98994;False
urban;-779.1623;101.6394;53.74179;False
urban;-865.9678;134.6035;58.70386;False
urban;-857.7268;223.0573;72.78928;False
urban;-985.7375;266.4601;67.12531;False
urban;-1085.179;266.4601;62.93039;False
urban;-756.6368;220.8597;74.71939;False
urban;-655.5468;264.8119;80.42039;False
urban;-540.7217;258.2191;82.07742;False
urban;-222.6178;261.5155;91.07963;False
urban;-130.3182;81.86094;70.04233;False
urban;-106.1445;256.0215;97.04762;False
urban;-284.1508;-859.2651;30.76376;False
urban;-216.5744;-679.0612;32.63086;False
urban;-275.3604;-1138.361;22.10489;False
urban;-97.35408;-1139.46;24.82645;False
urban;56.47855;-1127.373;28.3461;False
urban;211.41;-1130.67;28.33096;False
urban;395.4597;-1046.611;28.40073;False
urban;395.4597;-1126.824;28.47992;False
urban;405.349;-849.9253;28.35001;False
urban;406.9972;-676.3141;28.30583;False
urban;351.5076;-660.3815;28.332;False
urban;244.3741;-620.2751;27.64442;False
urban;104.2766;-569.1807;42.61987;False
urban;-62.19233;-545.007;39.05048;False
urban;-634.1201;-1292.744;9.643982;False
urban;-1357.133;-992.2205;7.299255;False
urban;-1413.172;-912.5571;10.05994;False
urban;-1395.042;201.6306;57.7534;False
urban;-1686.225;112.0781;63.22675;False
urban;-1493.385;233.496;59.7415;False
urban;-1444.488;275.2505;60.16972;False
urban;-1190.665;403.8107;73.55089;False
urban;-1074.191;399.4154;68.00061;False
urban;-1020.35;399.4154;70.28749;False
urban;-979.6941;366.4513;71.46776;False
urban;-923.1057;298.3254;69.87595;False
urban;-923.1057;245.5828;69.30135;False
urban;-860.4738;407.6565;86.18238;False
urban;-855.5292;440.6206;86.08614;False
urban;-1079.685;445.0158;73.78708;False
urban;-1246.704;471.9365;92.0264;False
urban;-1434.05;526.8768;117.8321;False
urban;-1354.386;627.9668;133.6489;False
urban;-1193.412;711.4759;148.2652;False
urban;-1045.073;786.744;166.3524;False
urban;-750.0439;832.8938;212.786;False
urban;-681.3687;701.0373;154.0436;False
urban;-525.3384;663.1285;140.033;False
urban;-498.4177;597.7496;123.2981;False
urban;-561.0496;514.2405;104.6055;False
urban;-541.8205;445.5652;99.06958;False
urban;-476.4416;398.3166;100.0453;False
urban;-239.0999;416.9963;108.0776;False
urban;-307.2257;446.664;107.0697;False
urban;-341.2887;485.1222;111.563;False
urban;-134.7134;521.9321;140.786;False
urban;-110.5397;422.4903;112.1509;False
urban;79.55344;345.574;112.1452;False
urban;259.7574;341.1788;104.5673;False
urban;419.084;297.776;102.0739;False
urban;576.7625;245.5828;102.1506;False
urban;265.2514;541.1612;140.0234;False
urban;-1963.674;331.2896;89.06622;False
urban;-1976.31;530.1732;108.2746;False
urban;-1855.441;342.2776;87.63431;False
urban;-1841.157;128.0107;76.96751;False
urban;-277.558;-1426.248;30.34549;False
urban;-212.1792;-1422.402;30.34583;False
urban;-98.45288;-1360.32;28.41046;False
urban;98.23312;-1361.419;28.34479;False
urban;155.371;-1393.284;28.3049;False
urban;216.904;-1300.984;28.33798;False
urban;238.8801;-1444.928;28.33908;False
urban;334.4761;-1324.059;31.11026;False
urban;464.135;-1421.853;28.34192;False
urban;321.2904;-1515.251;28.33765;False
urban;176.2482;-1596.563;28.34195;False
urban;64.17018;-1667.985;28.32068;False
urban;-32.52461;-1610.298;28.30301;False
urban;-113.2867;-1521.295;32.94342;False
urban;-133.6146;-1737.759;29.13901;False
urban;174.0506;-1760.834;28.18231;False
urban;272.3936;-1672.38;28.35779;False
urban;359.7486;-1736.111;28.26584;False
urban;286.6781;-1866.869;17.32715;False
urban;474.0243;-1641.065;28.37537;False
urban;527.3163;-1513.603;28.32947;False
urban;534.4585;-1430.094;28.3493;False
urban;526.2175;-1689.961;28.44662;False
urban;463.0362;-1826.213;27.04034;False
urban;511.933;-1899.284;24.49905;False
urban;348.7606;-1936.094;23.59357;False
urban;231.1885;-2074.543;16.92203;False
urban;296.0179;-2003.121;19.47546;False
urban;162.5132;-2037.184;17.38889;False
urban;491.6051;-2042.678;24.39822;False
urban;-35.82103;-1819.62;25.31998;False
urban;60.87377;-1898.185;20.63849;False
urban;104.2766;-1939.39;19.80374;False
urban;96.58492;-1858.078;23.62485;False
urban;209.2124;-1917.414;22.44394;False
urban;-184.1596;-1621.835;32.60873;False
urban;61.42317;-1503.714;28.33685;False
urban;-34.17282;-1461.959;30.3118;False
urban;-90.76125;-1419.106;28.49164;False
urban;930.5775;-2079.488;29.59204;False
urban;786.6342;-2064.104;28.36954;False
urban;952.0042;-1883.9;30.17343;False
urban;1065.73;-2075.642;32.36108;False
urban;894.8664;-2455.828;27.54138;False
urban;1027.272;-2465.717;27.53473;False
urban;1063.533;-1750.396;34.74673;False
urban;844.8708;-1749.846;28.52557;False
urban;792.6776;-1143.855;28.00439;False
urban;781.6895;-1003.208;25.13617;False
urban;989.3636;-991.1216;40.97345;False
urban;837.7286;-1562.5;28.95795;False
urban;796.5234;-1435.039;26.20435;False
urban;1062.434;-1435.039;35.77094;False
urban;915.7437;-591.1568;56.31543;False
urban;1069.576;-512.5923;61.42168;False
urban;1081.663;-387.878;66.15555;False
urban;1209.125;-369.7477;67.95969;False
urban;1174.512;-510.3947;64.13348;False
urban;1203.081;-757.0763;56.87592;False
urban;977.8261;-658.7333;56.46782;False
urban;1264.614;-543.9082;68.13397;False
urban;1367.352;-574.6747;73.38025;False
urban;867.9457;-103.837;78.45038;False
urban;944.862;-151.0856;73.53217;False
urban;1017.932;-198.8836;69.23413;False
urban;961.8934;-282.9422;65.95923;False
urban;892.6688;-237.8912;68.47267;False
urban;815.2031;-187.3462;71.82764;False
urban;-802.7866;-314.2581;35.9913;False
urban;-963.212;-431.8302;36.88013;False
urban;-1242.308;-441.7194;32.59076;False
urban;-555.0062;9.339838;43.31012;False
urban;-409.4146;-223.0573;35.22293;False
urban;-476.991;-109.8804;37.90771;False
urban;-867.0667;-930.138;14.90564;False
urban;622.9123;-59.33544;74.41774;False
urban;695.4333;14.28446;83.19815;False
urban;788.2823;158.2278;80.20827;False
urban;528.9645;-336.7836;42.59717;False
rural;-2096.629;2311.885;36.61945;False
rural;-1926.314;2301.446;57.23718;False
rural;-1813.687;2308.039;68.69775;False
rural;-1707.652;2120.143;109.325;False
rural;-1860.935;2030.041;136.8655;False
rural;-1793.908;1845.992;152.9509;False
rural;-1889.504;1785.557;168.0511;False
rural;-1999.934;1780.063;179.5181;False
rural;-2040.59;2003.121;189.3755;False
rural;-1832.366;2156.953;114.2012;False
rural;-1830.718;2217.387;85.85474;False
rural;-1905.986;2230.024;82.23041;False
rural;-1820.829;2269.031;70.3681;False
rural;-1739.517;2224.53;92.39819;False
rural;-1675.237;2171.238;104.6045;False
rural;-1721.937;2156.404;117.0078;False
rural;-1914.227;2155.305;111.3124;False
rural;-1748.857;1995.978;115.9636;False
rural;-1699.96;2050.369;107.4824;False
rural;-1682.38;1982.243;127.2296;False
rural;-1699.411;1912.469;149.4239;False
rural;-1779.074;1887.746;147.8262;False
rural;-1853.244;1928.402;149.5524;False
rural;-1854.343;1956.971;143.6214;False
rural;-1895.548;1975.651;142.257;False
rural;-1980.156;1964.662;158.1379;False
rural;-1937.302;1892.691;178.6301;False
rural;-2001.582;1915.216;185.2986;False
rural;-1955.982;1830.608;177.3835;False
rural;-1875.22;1871.264;154.113;False
rural;-1920.82;2100.914;131.1014;False
rural;-1787.865;2127.835;130.4437;False
rural;-1697.763;2266.284;73.38177;False
rural;-1746.66;2295.403;74.88446;False
rural;-1679.083;2228.925;84.85062;False
rural;-1638.977;2183.874;91.90076;False
rural;-1573.598;2188.819;70.26031;False
rural;-1591.728;2281.118;63.7793;False
rural;-1646.119;2330.015;47.59064;False
rural;-1737.32;2392.647;42.83887;False
rural;-1797.754;2367.374;42.85321;False
rural;-1677.984;2437.148;27.88196;False
rural;-1786.217;2415.172;30.02875;False
rural;-1927.962;2374.517;32.87912;False
rural;-2024.108;2281.118;45.12708;False
rural;92.1897;6802.149;18.61545;False
rural;253.714;6751.604;14.22528;False
rural;247.1211;6827.971;15.53046;False
rural;70.21361;6961.476;9.708008;False
rural;149.8769;6984.551;5.665894;False
rural;150.4263;6907.634;19.43085;False
rural;259.208;6935.654;7.486877;False
rural;-713.7834;5442.379;43.30426;False
rural;-630.8237;5500.066;50.10474;False
rural;-574.2352;5546.765;51.55414;False
rural;-494.5719;5655.547;56.10254;False
rural;-686.3133;5700.598;26.40753;False
rural;-720.3762;5628.077;27.44153;False
rural;-763.779;5692.906;20.63776;False
rural;-774.767;5497.319;33.69116;False
rural;-711.0364;5313.269;70.47699;False
rural;-658.2938;5244.044;75.29218;False
rural;-577.5316;5463.256;59.77289;False
rural;-551.1603;5519.295;58.62646;False
rural;-457.762;5451.169;76.39014;False
rural;-475.8922;5565.994;71.85236;False
rural;-590.1679;5650.053;37.52618;False
rural;-497.3189;5751.692;48.9649;False
rural;-422.6002;5876.956;42.08582;False
rural;-373.7034;5954.971;38.56549;False
rural;-531.3818;5877.505;32.5307;False
rural;-625.3297;5847.837;22.16199;False
rural;-598.4089;5893.987;23.93512;False
rural;-572.0376;5986.287;28.73438;False
rural;-876.9559;5312.72;77.69185;False
rural;-937.3901;5252.835;81.84625;False
rural;-761.5814;5263.273;90.76013;False
rural;-735.2101;5185.808;107.0338;False
rural;-634.6695;5090.761;130.2106;False
rural;-931.3467;5161.085;157.076;False
rural;-780.8105;5122.077;141.8783;False
rural;-551.7097;5428.094;61.48224;False
rural;-662.1396;5387.988;52.8136;False
rural;-967.6072;5003.956;181.3882;False
rural;-995.6268;5097.354;168.837;False
rural;-1075.29;5072.082;161.7216;False
rural;-998.3738;5168.776;124.945;False
rural;269.6466;1684.467;236.2637;False
rural;303.7096;1814.126;219.9844;False
rural;223.4968;1913.019;178.9877;False
rural;279.5359;2031.69;123.302;False
rural;210.3112;2102.013;117.9286;False
rural;57.57735;2074.543;151.9117;False
rural;-172.0728;1908.623;197.0267;False
rural;-10.54852;2082.235;156.9403;False
rural;-90.76125;1995.429;181.5724;False
rural;-5.054501;1826.213;206.4729;False
rural;97.13432;1947.082;168.5278;False
rural;175.1494;1962.465;147.8936;False
rural;422.3805;2023.998;108.5175;False
rural;475.1231;2111.902;93.7063;False
rural;576.2131;2128.384;74.21991;False
rural;797.0728;1981.145;102.1824;False
rural;845.4202;2073.444;67.5274;False
rural;863.001;1973.453;83.54944;False
rural;756.417;1860.276;123.1993;False
rural;878.3843;1852.584;140.1962;False
rural;838.8273;1773.47;149.2632;False
rural;928.9293;1722.925;165.2905;False
rural;772.8991;1708.641;176.4579;False
rural;613.5724;1787.755;198.7188;False
rural;441.0601;1784.458;231.2255;False
rural;660.2716;2015.207;101.813;False
rural;342.7171;1928.951;157.0123;False
rural;538.3043;1905.876;163.1077;False
rural;-509.4058;1993.781;205.383;False
rural;-316.5656;1997.077;149.1462;False
rural;-230.8588;2088.278;136.9164;False
rural;-188.5549;2207.498;120.8584;False
rural;-174.8198;2326.719;104.7693;False
rural;-179.215;2453.081;79.18311;False
rural;-200.0923;2576.697;63.14215;False
rural;92.7391;2293.205;100.1042;False
rural;207.5642;2366.825;70.78235;False
rural;219.1016;2265.735;83.49023;False
rural;-52.8525;2199.257;125.8902;False
rural;63.07138;2176.182;131.0084;False
rural;-148.9979;2120.143;163.9323;False
rural;-86.91544;2312.983;150.4375;False
rural;-364.913;2143.768;174.7354;False
rural;-385.7903;2283.865;164.31;False
rural;-464.9042;2132.78;189.9602;False
rural;-624.2308;1978.947;167.0289;False
rural;-558.852;2094.871;147.0145;False
rural;-661.5902;2143.218;113.5302;False
rural;-752.791;2318.478;71.65863;False
rural;-699.499;2242.66;83.11591;False
rural;-642.3611;2302.545;79.67841;False
rural;-554.4567;2385.505;85.95001;False
rural;-409.4146;2412.425;123.3508;False
rural;-438.5329;2544.282;90.78357;False
rural;-601.1559;2480.002;52.51624;False
rural;-556.105;2592.629;46.48126;False
rural;-422.6002;1945.983;207.2072;False
rural;-318.2138;1824.016;201.7114;False
rural;97.68372;1691.06;226.4384;False
rural;237.7813;1835.004;194.2156;False
rural;272.3936;2160.25;87.01917;False
rural;337.7725;2247.604;69.68787;False
rural;396.0092;2341.003;53.83276;False
rural;337.7725;2373.967;60.81311;False
rural;298.2155;2284.415;92.72321;False
rural;236.1331;2209.696;111.9301;False
rural;54.83035;2362.43;119.4086;False
rural;78.45464;2421.765;97.60077;False
rural;1471.739;1832.806;106.5053;False
rural;1503.604;1691.06;109.9769;False
rural;1311.313;1939.39;85.16833;False
rural;1333.289;2015.207;92.72412;False
rural;1414.601;1952.576;110.7725;False
rural;1436.577;2044.875;116.1965;False
rural;1445.367;2118.495;99.37085;False
rural;1429.984;2203.103;84.54224;False
rural;1488.221;2205.301;79.98676;False
rural;1502.505;2074.543;92.92297;False
rural;1497.011;1941.588;103.8983;False
rural;1366.803;1720.728;90.18024;False
rural;1169.568;1968.508;62.51709;False
rural;1263.515;2108.606;74.98196;False
rural;1320.104;2175.083;88.32228;False
rural;1344.827;2265.735;86.12123;False
rural;1395.921;2355.837;71.90594;False
rural;1443.719;2286.612;72.97826;False
rural;1546.457;2298.699;71.12689;False
rural;1656.887;2213.542;77.68927;False
rural;1633.812;2121.242;80.13495;False
rural;1560.742;2103.661;86.05444;False
rural;1596.453;1996.528;93.14911;False
rural;1686.555;1964.113;95.70581;False
rural;1619.528;1883.351;100.4124;False
rural;1663.48;1821.268;100.3704;False
rural;1598.101;1750.945;104.8204;False
rural;1596.453;1647.657;105.6426;False
rural;2679.325;2654.712;81.16562;False
rural;2883.703;2581.092;140.7898;False
rural;2774.921;2570.104;113.5038;False
rural;2902.382;2420.666;160.1402;False
rural;2847.442;2261.34;134.7671;False
rural;2814.478;2155.854;109.7109;False
rural;2790.304;2028.393;113.1818;False
rural;2781.514;1897.635;76.4469;False
rural;2761.735;2374.517;104.3583;False
rural;2662.843;2451.433;47.59149;False
rural;2703.499;2280.019;67.46088;False
rural;2399.13;2384.406;61.14783;False
rural;2304.633;2438.247;64.93738;False
rural;2223.321;2354.738;77.50043;False
rural;2096.958;2452.532;85.91351;False
rural;1989.276;2353.639;89.255;False
rural;2045.315;2198.708;98.53424;False
rural;2183.764;2237.166;108.0618;False
rural;2274.965;2178.929;77.2334;False
rural;2110.144;2086.63;89.12799;False
rural;2068.39;1884.45;91.92224;False
rural;2210.135;1836.102;106.5308;False
rural;2268.372;2048.172;127.3189;False
rural;2429.896;2299.798;54.71552;False
rural;2477.145;2131.681;34.20715;False
rural;2502.417;1974.552;18.88068;False
rural;2068.39;1664.689;97.62051;False
rural;2222.222;1732.815;88.18903;False
rural;2180.468;1468.003;81.81348;False
rural;2262.878;1581.18;66.22711;False
rural;2335.399;1670.183;49.71472;False
rural;2304.633;1440.533;63.36414;False
rural;2392.537;1487.781;39.31195;False
rural;2337.597;1331.751;62.10693;False
rural;2420.007;1848.189;61.20557;False
rural;-442.3787;2862.386;35.13403;False
rural;-486.8803;2990.396;25.39514;False
rural;-725.3209;2969.519;24.224;False
rural;-698.9495;2815.137;27.00641;False
rural;-970.3542;2757.999;24.43878;False
rural;-1056.061;2890.955;10.84102;False
rural;-1429.655;2699.763;4.170258;False
rural;-1184.621;2606.364;14.04285;False
rural;-1612.605;2718.442;4.676727;False
rural;-1786.217;2690.972;3.323486;False
rural;-1985.1;2713.498;2.557129;False
rural;-2161.458;2723.936;3.685181;False
rural;-2346.607;2841.509;3.415405;False
rural;-2257.054;2551.424;2.105591;False
rural;-2007.076;2584.938;3.18682;False
rural;-1681.281;2564.06;3.10321;False
rural;-2224.64;2446.488;22.86642;False
rural;-2425.721;2370.671;28.69354;False
rural;-2233.43;2304.742;31.29968;False
rural;-1902.69;2491.539;2.773926;False
rural;-1553.819;2612.957;2.315933;False
rural;-1246.704;2869.528;39.9519;False
rural;-862.122;2930.512;45.00305;False
rural;-444.0269;2753.055;44.60626;False
rural;-247.8903;2796.458;48.27472;False
rural;-383.5927;2834.366;43.54773;False
rural;-572.0376;2710.751;41.44189;False
rural;-729.7161;2662.953;55.83176;False
rural;-903.3272;2586.586;56.18921;False
rural;1166.821;1811.379;73.2374;False
rural;1274.503;1629.527;88.71649;False
rural;1284.942;1414.161;99.92615;False
